[
  {
    "skoli": "Austurbæjarskóli",
    "heimilisfang": "Barónsstígur 32",
    "pnr": "101",
    "stadur": "REYKJAVÍK",
    "svnr": "0000",
    "sveitarfelag": "Reykjavíkurborg",
    "ibuafjoldi": "126,041",
    "staerdarflokkur": "5.000 og yfir",
    "svaedi": "H",
    "landshluti": "SSH",
    "vefsida": "www.austurbaejarskoli.is",
    "netfang": "austurbaejarskoli@reykjavik.is"
  },
  {
    "skoli": "Barnaskóli Hjallastefnunnar í Reykjavík",
    "heimilisfang": "Nauthólsvegi 87",
    "pnr": "101",
    "stadur": "Reykjavík",
    "svnr": "0000",
    "sveitarfelag": "Reykjavíkurborg",
    "ibuafjoldi": "126,041",
    "staerdarflokkur": "5.000 og yfir",
    "svaedi": "H",
    "landshluti": "SSH",
    "vefsida": "www.hjalli.is",
    "netfang": "barnaskolinnrvk@hjalli.is"
  },
  {
    "skoli": "Landakotsskóli",
    "heimilisfang": "v/Túngötu",
    "pnr": "101",
    "stadur": "REYKJAVÍK",
    "svnr": "0000",
    "sveitarfelag": "Reykjavíkurborg",
    "ibuafjoldi": "126,041",
    "staerdarflokkur": "5.000 og yfir",
    "svaedi": "H",
    "landshluti": "SSH",
    "vefsida": "www.landakotsskoli.is",
    "netfang": "landakotsskoli@landakotsskoli.is"
  },
  {
    "skoli": "Tjarnarskóli",
    "heimilisfang": "Lækjargata 14b",
    "pnr": "101",
    "stadur": "REYKJAVÍK",
    "svnr": "0000",
    "sveitarfelag": "Reykjavíkurborg",
    "ibuafjoldi": "126,041",
    "staerdarflokkur": "5.000 og yfir",
    "svaedi": "H",
    "landshluti": "SSH",
    "vefsida": "www.tjarnarskoli.is",
    "netfang": "tjarnarskoli@tjarnarskoli.is"
  },
  {
    "skoli": "Vesturbæjarskóli",
    "heimilisfang": "Sólvallagötu 67",
    "pnr": "101",
    "stadur": "REYKJAVÍK",
    "svnr": "0000",
    "sveitarfelag": "Reykjavíkurborg",
    "ibuafjoldi": "126,041",
    "staerdarflokkur": "5.000 og yfir",
    "svaedi": "H",
    "landshluti": "SSH",
    "vefsida": "www.vesturbaejarskoli.is",
    "netfang": "vesturbaejarskoli@rvkskolar.is"
  },
  {
    "skoli": "Langholtsskóli",
    "heimilisfang": "Holtavegi 23",
    "pnr": "104",
    "stadur": "REYKJAVÍK",
    "svnr": "0000",
    "sveitarfelag": "Reykjavíkurborg",
    "ibuafjoldi": "126,041",
    "staerdarflokkur": "5.000 og yfir",
    "svaedi": "H",
    "landshluti": "SSH",
    "vefsida": "www.langholtsskoli.is",
    "netfang": "langholtsskoli@rvkskolar.is"
  },
  {
    "skoli": "Vogaskóli",
    "heimilisfang": "v/Ferjuvog",
    "pnr": "104",
    "stadur": "REYKJAVÍK",
    "svnr": "0000",
    "sveitarfelag": "Reykjavíkurborg",
    "ibuafjoldi": "126,041",
    "staerdarflokkur": "5.000 og yfir",
    "svaedi": "H",
    "landshluti": "SSH",
    "vefsida": "www.vogaskoli.is",
    "netfang": "vogaskoli@rvkskolar.is"
  },
  {
    "skoli": "Brúarskóli",
    "heimilisfang": "Vesturhlíð 3",
    "pnr": "105",
    "stadur": "REYKJAVÍK",
    "svnr": "0000",
    "sveitarfelag": "Reykjavíkurborg",
    "ibuafjoldi": "126,041",
    "staerdarflokkur": "5.000 og yfir",
    "svaedi": "H",
    "landshluti": "SSH",
    "vefsida": "www.bruarskoli.is",
    "netfang": "bruarskoli@reykjavik.is"
  },
  {
    "skoli": "Háteigsskóli",
    "heimilisfang": "Bólstaðarhlíð 47",
    "pnr": "105",
    "stadur": "REYKJAVÍK",
    "svnr": "0000",
    "sveitarfelag": "Reykjavíkurborg",
    "ibuafjoldi": "126,041",
    "staerdarflokkur": "5.000 og yfir",
    "svaedi": "H",
    "landshluti": "SSH",
    "vefsida": "www.hateigsskoli.is",
    "netfang": "hateigsskoli@rvkskolar.is"
  },
  {
    "skoli": "Hlíðaskóli",
    "heimilisfang": "Hamrahlíð 2",
    "pnr": "105",
    "stadur": "REYKJAVÍK",
    "svnr": "0000",
    "sveitarfelag": "Reykjavíkurborg",
    "ibuafjoldi": "126,041",
    "staerdarflokkur": "5.000 og yfir",
    "svaedi": "H",
    "landshluti": "SSH",
    "vefsida": "www.hlidaskoli.is",
    "netfang": "hlidaskoli@rvkskolar.is"
  },
  {
    "skoli": "Klettaskóli",
    "heimilisfang": "Suðurhlíð 9",
    "pnr": "105",
    "stadur": "REYKJAVÍK",
    "svnr": "0000",
    "sveitarfelag": "Reykjavíkurborg",
    "ibuafjoldi": "126,041",
    "staerdarflokkur": "5.000 og yfir",
    "svaedi": "H",
    "landshluti": "SSH",
    "vefsida": "www.klettaskoli.is",
    "netfang": "klettaskoli@rvkskolar.is"
  },
  {
    "skoli": "Laugalækjarskóli",
    "heimilisfang": "Leirulækur 2",
    "pnr": "105",
    "stadur": "REYKJAVÍK",
    "svnr": "0000",
    "sveitarfelag": "Reykjavíkurborg",
    "ibuafjoldi": "126,041",
    "staerdarflokkur": "5.000 og yfir",
    "svaedi": "H",
    "landshluti": "SSH",
    "vefsida": "www.laugalaekjarskoli.is",
    "netfang": "laugalaekjarskoli@reykjavik.is"
  },
  {
    "skoli": "Laugarnesskóli",
    "heimilisfang": "Kirkjuteigi 24",
    "pnr": "105",
    "stadur": "REYKJAVÍK",
    "svnr": "0000",
    "sveitarfelag": "Reykjavíkurborg",
    "ibuafjoldi": "126,041",
    "staerdarflokkur": "5.000 og yfir",
    "svaedi": "H",
    "landshluti": "SSH",
    "vefsida": "www.laugarnesskoli.is",
    "netfang": "laugarnesskoli@reykjavik.is"
  },
  {
    "skoli": "Skóli Ísaks Jónssonar",
    "heimilisfang": "Bólstaðarhlíð 20",
    "pnr": "105",
    "stadur": "REYKJAVÍK",
    "svnr": "0000",
    "sveitarfelag": "Reykjavíkurborg",
    "ibuafjoldi": "126,041",
    "staerdarflokkur": "5.000 og yfir",
    "svaedi": "H",
    "landshluti": "SSH",
    "vefsida": "www.isaksskoli.is",
    "netfang": "isaksskoli@isaksskoli.is"
  },
  {
    "skoli": "Suðurhlíðaskóli",
    "heimilisfang": "Suðurhlíð 36",
    "pnr": "105",
    "stadur": "REYKJAVÍK",
    "svnr": "0000",
    "sveitarfelag": "Reykjavíkurborg",
    "ibuafjoldi": "126,041",
    "staerdarflokkur": "5.000 og yfir",
    "svaedi": "H",
    "landshluti": "SSH",
    "vefsida": "www.sudurhlidarskoli.is",
    "netfang": "sudurhlidarskoli@sudurhlidarskoli.is"
  },
  {
    "skoli": "Grandaskóli",
    "heimilisfang": "Keilugrandi 12",
    "pnr": "107",
    "stadur": "REYKJAVÍK",
    "svnr": "0000",
    "sveitarfelag": "Reykjavíkurborg",
    "ibuafjoldi": "126,041",
    "staerdarflokkur": "5.000 og yfir",
    "svaedi": "H",
    "landshluti": "SSH",
    "vefsida": "www.grandaskoli.is",
    "netfang": "grandaskoli@reykjavik.is"
  },
  {
    "skoli": "Hagaskóli",
    "heimilisfang": "Fornhaga 1",
    "pnr": "107",
    "stadur": "REYKJAVÍK",
    "svnr": "0000",
    "sveitarfelag": "Reykjavíkurborg",
    "ibuafjoldi": "126,041",
    "staerdarflokkur": "5.000 og yfir",
    "svaedi": "H",
    "landshluti": "SSH",
    "vefsida": "www.hagaskoli.is",
    "netfang": "hagaskoli@rvkskolar.is"
  },
  {
    "skoli": "Melaskóli",
    "heimilisfang": "Hagamel 1",
    "pnr": "107",
    "stadur": "REYKJAVÍK",
    "svnr": "0000",
    "sveitarfelag": "Reykjavíkurborg",
    "ibuafjoldi": "126,041",
    "staerdarflokkur": "5.000 og yfir",
    "svaedi": "H",
    "landshluti": "SSH",
    "vefsida": "www.melaskoli.is",
    "netfang": "melaskoli@rvkskolar.is"
  },
  {
    "skoli": "Breiðagerðisskóli",
    "heimilisfang": "v/Breiðagerði",
    "pnr": "108",
    "stadur": "REYKJAVÍK",
    "svnr": "0000",
    "sveitarfelag": "Reykjavíkurborg",
    "ibuafjoldi": "126,041",
    "staerdarflokkur": "5.000 og yfir",
    "svaedi": "H",
    "landshluti": "SSH",
    "vefsida": "www.breidagerdisskoli.is",
    "netfang": "breidagerdisskoli@rvkskolar.is"
  },
  {
    "skoli": "Fossvogsskóli",
    "heimilisfang": "Haðalandi 26",
    "pnr": "108",
    "stadur": "REYKJAVÍK",
    "svnr": "0000",
    "sveitarfelag": "Reykjavíkurborg",
    "ibuafjoldi": "126,041",
    "staerdarflokkur": "5.000 og yfir",
    "svaedi": "H",
    "landshluti": "SSH",
    "vefsida": "www.fossvogsskoli.is",
    "netfang": "fossvogsskoli@reykjavik.is"
  },
  {
    "skoli": "Háaleitisskóli, Álftamýri",
    "heimilisfang": "Álftamýri 79",
    "pnr": "108",
    "stadur": "REYKJAVÍK",
    "svnr": "0000",
    "sveitarfelag": "Reykjavíkurborg",
    "ibuafjoldi": "126,041",
    "staerdarflokkur": "5.000 og yfir",
    "svaedi": "H",
    "landshluti": "SSH",
    "vefsida": "http://haaleitisskoli.grunnskolar.is",
    "netfang": "haaleitisskoli@reykjavik.is"
  },
  {
    "skoli": "Háaleitisskóli, Hvassaleiti",
    "heimilisfang": "v/Stóragerði",
    "pnr": "108",
    "stadur": "REYKJAVÍK",
    "svnr": "0000",
    "sveitarfelag": "Reykjavíkurborg",
    "ibuafjoldi": "126,041",
    "staerdarflokkur": "5.000 og yfir",
    "svaedi": "H",
    "landshluti": "SSH",
    "vefsida": "http://haaleitisskoli.grunnskolar.is"
  },
  {
    "skoli": "Réttarholtsskóli",
    "heimilisfang": "v/Réttarholtsveg",
    "pnr": "108",
    "stadur": "REYKJAVÍK",
    "svnr": "0000",
    "sveitarfelag": "Reykjavíkurborg",
    "ibuafjoldi": "126,041",
    "staerdarflokkur": "5.000 og yfir",
    "svaedi": "H",
    "landshluti": "SSH",
    "vefsida": "www.rettarholtsskoli.is",
    "netfang": "rettarholtsskoli@reykjavik.is"
  },
  {
    "skoli": "Breiðholtsskóli",
    "heimilisfang": "Arnarbakka 1-3",
    "pnr": "109",
    "stadur": "REYKJAVÍK",
    "svnr": "0000",
    "sveitarfelag": "Reykjavíkurborg",
    "ibuafjoldi": "126,041",
    "staerdarflokkur": "5.000 og yfir",
    "svaedi": "H",
    "landshluti": "SSH",
    "vefsida": "www.breidholtsskoli.is",
    "netfang": "breidholtsskoli@reykjavik.is"
  },
  {
    "skoli": "Seljaskóli",
    "heimilisfang": "Kleifarseli 28",
    "pnr": "109",
    "stadur": "REYKJAVÍK",
    "svnr": "0000",
    "sveitarfelag": "Reykjavíkurborg",
    "ibuafjoldi": "126,041",
    "staerdarflokkur": "5.000 og yfir",
    "svaedi": "H",
    "landshluti": "SSH",
    "vefsida": "www.seljaskoli.is",
    "netfang": "seljaskoli@reykjavik.is"
  },
  {
    "skoli": "Ölduselsskóli",
    "heimilisfang": "Ölduseli 17",
    "pnr": "109",
    "stadur": "REYKJAVÍK",
    "svnr": "0000",
    "sveitarfelag": "Reykjavíkurborg",
    "ibuafjoldi": "126,041",
    "staerdarflokkur": "5.000 og yfir",
    "svaedi": "H",
    "landshluti": "SSH",
    "vefsida": "www.olduselsskoli.is",
    "netfang": "olduselsskoli@reykjavik.is"
  },
  {
    "skoli": "Árbæjarskóli",
    "heimilisfang": "Rofabæ 34",
    "pnr": "110",
    "stadur": "REYKJAVÍK",
    "svnr": "0000",
    "sveitarfelag": "Reykjavíkurborg",
    "ibuafjoldi": "126,041",
    "staerdarflokkur": "5.000 og yfir",
    "svaedi": "H",
    "landshluti": "SSH",
    "vefsida": "www.arbaejarskoli.is",
    "netfang": "arbaejarskoli@rvkskolar.is"
  },
  {
    "skoli": "Ártúnsskóli",
    "heimilisfang": "Árkvörn 6",
    "pnr": "110",
    "stadur": "REYKJAVÍK",
    "svnr": "0000",
    "sveitarfelag": "Reykjavíkurborg",
    "ibuafjoldi": "126,041",
    "staerdarflokkur": "5.000 og yfir",
    "svaedi": "H",
    "landshluti": "SSH",
    "vefsida": "www.artunsskoli.is",
    "netfang": "artunsskoli@rvkskolar.is"
  },
  {
    "skoli": "Norðlingaskóli",
    "heimilisfang": "Árvaði 3",
    "pnr": "110",
    "stadur": "REYKJAVÍK",
    "svnr": "0000",
    "sveitarfelag": "Reykjavíkurborg",
    "ibuafjoldi": "126,041",
    "staerdarflokkur": "5.000 og yfir",
    "svaedi": "H",
    "landshluti": "SSH",
    "vefsida": "www.nordlingaskoli.is",
    "netfang": "nordlingaskoli@reykjavik.is"
  },
  {
    "skoli": "Selásskóli",
    "heimilisfang": "Selásbraut 109",
    "pnr": "110",
    "stadur": "REYKJAVÍK",
    "svnr": "0000",
    "sveitarfelag": "Reykjavíkurborg",
    "ibuafjoldi": "126,041",
    "staerdarflokkur": "5.000 og yfir",
    "svaedi": "H",
    "landshluti": "SSH",
    "vefsida": "www.selasskoli.is",
    "netfang": "selasskoli@reykjavik.is"
  },
  {
    "skoli": "Fellaskóli",
    "heimilisfang": "Norðurfelli 17-19",
    "pnr": "111",
    "stadur": "REYKJAVÍK",
    "svnr": "0000",
    "sveitarfelag": "Reykjavíkurborg",
    "ibuafjoldi": "126,041",
    "staerdarflokkur": "5.000 og yfir",
    "svaedi": "H",
    "landshluti": "SSH",
    "vefsida": "www.fellaskoli.is",
    "netfang": "fellaskoli@reykjavik.is"
  },
  {
    "skoli": "Hólabrekkuskóli",
    "heimilisfang": "Suðurhólum 10",
    "pnr": "111",
    "stadur": "REYKJAVÍK",
    "svnr": "0000",
    "sveitarfelag": "Reykjavíkurborg",
    "ibuafjoldi": "126,041",
    "staerdarflokkur": "5.000 og yfir",
    "svaedi": "H",
    "landshluti": "SSH",
    "vefsida": "www.holabrekkuskoli.is",
    "netfang": "holabrekkuskoli@rvkskolar.is"
  },
  {
    "skoli": "Waldorfskólinn Sólstafir",
    "heimilisfang": "Sóltúni 6",
    "pnr": "111",
    "stadur": "REYKJAVÍK",
    "svnr": "0000",
    "sveitarfelag": "Reykjavíkurborg",
    "ibuafjoldi": "126,041",
    "staerdarflokkur": "5.000 og yfir",
    "svaedi": "H",
    "landshluti": "SSH",
    "vefsida": "www.waldorf.is",
    "netfang": "solstafir@waldorf.is"
  },
  {
    "skoli": "Foldaskóli",
    "heimilisfang": "Logafold 1",
    "pnr": "112",
    "stadur": "REYKJAVÍK",
    "svnr": "0000",
    "sveitarfelag": "Reykjavíkurborg",
    "ibuafjoldi": "126,041",
    "staerdarflokkur": "5.000 og yfir",
    "svaedi": "H",
    "landshluti": "SSH",
    "vefsida": "www.foldaskoli.is",
    "netfang": "foldaskoli@rvkskolar.is"
  },
  {
    "skoli": "Hamraskóli",
    "heimilisfang": "Dyrhömrum 9",
    "pnr": "112",
    "stadur": "REYKJAVÍK",
    "svnr": "0000",
    "sveitarfelag": "Reykjavíkurborg",
    "ibuafjoldi": "126,041",
    "staerdarflokkur": "5.000 og yfir",
    "svaedi": "H",
    "landshluti": "SSH",
    "vefsida": "www.hamraskoli.is",
    "netfang": "hamraskoli@reykjavik.is"
  },
  {
    "skoli": "Húsaskóli",
    "heimilisfang": "Dalhúsum 41",
    "pnr": "112",
    "stadur": "REYKJAVÍK",
    "svnr": "0000",
    "sveitarfelag": "Reykjavíkurborg",
    "ibuafjoldi": "126,041",
    "staerdarflokkur": "5.000 og yfir",
    "svaedi": "H",
    "landshluti": "SSH",
    "vefsida": "www.husaskoli.is",
    "netfang": "husaskoli@rvkskolar.is"
  },
  {
    "skoli": "Kelduskóli - Korpa",
    "heimilisfang": "Bakkastaðir 2",
    "pnr": "112",
    "stadur": "REYKJAVÍK",
    "svnr": "0000",
    "sveitarfelag": "Reykjavíkurborg",
    "ibuafjoldi": "126,041",
    "staerdarflokkur": "5.000 og yfir",
    "svaedi": "H",
    "landshluti": "SSH",
    "vefsida": "korpuskoli@rvkskolar.is"
  },
  {
    "skoli": "Kelduskóli - Vík",
    "heimilisfang": "Hamravík 10",
    "pnr": "112",
    "stadur": "REYKJAVÍK",
    "svnr": "0000",
    "sveitarfelag": "Reykjavíkurborg",
    "ibuafjoldi": "126,041",
    "staerdarflokkur": "5.000 og yfir",
    "svaedi": "H",
    "landshluti": "SSH",
    "vefsida": "vikurskoli@rvkskolar.is"
  },
  {
    "skoli": "Rimaskóli",
    "heimilisfang": "Rósarima 11",
    "pnr": "112",
    "stadur": "REYKJAVÍK",
    "svnr": "0000",
    "sveitarfelag": "Reykjavíkurborg",
    "ibuafjoldi": "126,041",
    "staerdarflokkur": "5.000 og yfir",
    "svaedi": "H",
    "landshluti": "SSH",
    "vefsida": "www.rimaskoli.is",
    "netfang": "rimaskoli@reykjavik.is"
  },
  {
    "skoli": "Vættaskóli - Borgir",
    "heimilisfang": "Vættaborgum 9",
    "pnr": "112",
    "stadur": "REYKJAVÍK",
    "svnr": "0000",
    "sveitarfelag": "Reykjavíkurborg",
    "ibuafjoldi": "126,041",
    "staerdarflokkur": "5.000 og yfir",
    "svaedi": "H",
    "landshluti": "SSH",
    "vefsida": "www.vaettaskoli.is",
    "netfang": "vaettaskoli@rvkskolar.is"
  },
  {
    "skoli": "Vættaskóli - Engi",
    "heimilisfang": "Vallengi 14",
    "pnr": "112",
    "stadur": "REYKJAVÍK",
    "svnr": "0000",
    "sveitarfelag": "Reykjavíkurborg",
    "ibuafjoldi": "126,041",
    "staerdarflokkur": "5.000 og yfir",
    "svaedi": "H",
    "landshluti": "SSH",
    "vefsida": "www.vaettaskoli.is",
    "netfang": "vaettaskoli@rvkskolar.is"
  },
  {
    "skoli": "Dalskóli",
    "heimilisfang": "Úlfarsbraut 118-120",
    "pnr": "113",
    "stadur": "REYKJAVÍK",
    "svnr": "0000",
    "sveitarfelag": "Reykjavíkurborg",
    "ibuafjoldi": "126,041",
    "staerdarflokkur": "5.000 og yfir",
    "svaedi": "H",
    "landshluti": "SSH",
    "vefsida": "www.dalskoli.is",
    "netfang": "dalskoli@reykjavik.is"
  },
  {
    "skoli": "Ingunnarskóli",
    "heimilisfang": "Maríubaugi 1",
    "pnr": "113",
    "stadur": "REYKJAVÍK",
    "svnr": "0000",
    "sveitarfelag": "Reykjavíkurborg",
    "ibuafjoldi": "126,041",
    "staerdarflokkur": "5.000 og yfir",
    "svaedi": "H",
    "landshluti": "SSH",
    "vefsida": "www.ingunnarskoli.is",
    "netfang": "ingunnarskoli@rvkskolar.is"
  },
  {
    "skoli": "Sæmundarskóli",
    "heimilisfang": "Gvendargeisla 168",
    "pnr": "113",
    "stadur": "REYKJAVÍK",
    "svnr": "0000",
    "sveitarfelag": "Reykjavíkurborg",
    "ibuafjoldi": "126,041",
    "staerdarflokkur": "5.000 og yfir",
    "svaedi": "H",
    "landshluti": "SSH",
    "vefsida": "www.saemundarskoli.is",
    "netfang": "saemundarskoli@reykjavik.is"
  },
  {
    "skoli": "Klébergsskóli",
    "heimilisfang": "Kléberg",
    "pnr": "116",
    "stadur": "REYKJAVÍK",
    "svnr": "0000",
    "sveitarfelag": "Reykjavíkurborg",
    "ibuafjoldi": "126,041",
    "staerdarflokkur": "5.000 og yfir",
    "svaedi": "H",
    "landshluti": "SSH",
    "vefsida": "www.klebergsskoli.is",
    "netfang": "klebergsskoli@reykjavik.is"
  },
  {
    "skoli": "Grunnskóli Seltjarnarness",
    "heimilisfang": "v/Skólabraut",
    "pnr": "170",
    "stadur": "SELTJARNARNESI",
    "svnr": "1100",
    "sveitarfelag": "Seltjarnarneskaupstaður",
    "ibuafjoldi": "4,575",
    "staerdarflokkur": "2.000-4.999",
    "svaedi": "H",
    "landshluti": "SSH",
    "vefsida": "www.grunnskoli.is",
    "netfang": "grunnskoli@grunnskoli.is"
  },
  {
    "skoli": "Stóru-Vogaskóli",
    "heimilisfang": "Tjarnargötu 2",
    "pnr": "190",
    "stadur": "VOGAR",
    "svnr": "2506",
    "sveitarfelag": "Sveitarfélagið Vogar",
    "ibuafjoldi": "1,268",
    "staerdarflokkur": "1.000-1.999",
    "svaedi": "L",
    "landshluti": "SSS",
    "vefsida": "www.storuvogaskoli.is",
    "netfang": "skoli@vogar.is"
  },
  {
    "skoli": "Álfhólsskóli",
    "heimilisfang": "Állfhólsvegi 100 og 120",
    "pnr": "200",
    "stadur": "KÓPAVOGI",
    "svnr": "1000",
    "sveitarfelag": "Kópavogsbær",
    "ibuafjoldi": "35,970",
    "staerdarflokkur": "5.000 og yfir",
    "svaedi": "H",
    "landshluti": "SSH",
    "vefsida": "http://alfholsskoli.is",
    "netfang": "alfholsskoli@kopavogur.is"
  },
  {
    "skoli": "Kársnesskóli",
    "heimilisfang": "Skólagerði 5 og Vallargerði",
    "pnr": "200",
    "stadur": "KÓPAVOGI",
    "svnr": "1000",
    "sveitarfelag": "Kópavogsbær",
    "ibuafjoldi": "35,970",
    "staerdarflokkur": "5.000 og yfir",
    "svaedi": "H",
    "landshluti": "SSH",
    "vefsida": "www.karsnesskoli.is",
    "netfang": "bjorgb@kopavogur.is"
  },
  {
    "skoli": "Kópavogsskóli",
    "heimilisfang": "v/Digranesveg",
    "pnr": "200",
    "stadur": "KÓPAVOGI",
    "svnr": "1000",
    "sveitarfelag": "Kópavogsbær",
    "ibuafjoldi": "35,970",
    "staerdarflokkur": "5.000 og yfir",
    "svaedi": "H",
    "landshluti": "SSH",
    "vefsida": "www.kopavogsskoli.is",
    "netfang": "kopavogsskoli@kopavogur.is"
  },
  {
    "skoli": "Snælandsskóli",
    "heimilisfang": "v/Víðigrund",
    "pnr": "200",
    "stadur": "KÓPAVOGI",
    "svnr": "1000",
    "sveitarfelag": "Kópavogsbær",
    "ibuafjoldi": "35,970",
    "staerdarflokkur": "5.000 og yfir",
    "svaedi": "H",
    "landshluti": "SSH",
    "vefsida": "www.snaelandsskoli.is",
    "netfang": "snaelandsskoli@kopavogur.is"
  },
  {
    "skoli": "Lindaskóli",
    "heimilisfang": "Núpalind 7",
    "pnr": "201",
    "stadur": "KÓPAVOGI",
    "svnr": "1000",
    "sveitarfelag": "Kópavogsbær",
    "ibuafjoldi": "35,970",
    "staerdarflokkur": "5.000 og yfir",
    "svaedi": "H",
    "landshluti": "SSH",
    "vefsida": "http://lindaskoli.is",
    "netfang": "lindaskoli@kopavogur.is"
  },
  {
    "skoli": "Salaskóli",
    "heimilisfang": "v/Versali",
    "pnr": "201",
    "stadur": "KÓPAVOGI",
    "svnr": "1000",
    "sveitarfelag": "Kópavogsbær",
    "ibuafjoldi": "35,970",
    "staerdarflokkur": "5.000 og yfir",
    "svaedi": "H",
    "landshluti": "SSH",
    "vefsida": "http://salaskoli.is",
    "netfang": "salaskoli@kopavogur.is"
  },
  {
    "skoli": "Smáraskóli",
    "heimilisfang": "v/Dalsmára",
    "pnr": "201",
    "stadur": "KÓPAVOGI",
    "svnr": "1000",
    "sveitarfelag": "Kópavogsbær",
    "ibuafjoldi": "35,970",
    "staerdarflokkur": "5.000 og yfir",
    "svaedi": "H",
    "landshluti": "SSH",
    "vefsida": "www.smaraskoli.is",
    "netfang": "smaraskoli@kopavogur.is"
  },
  {
    "skoli": "Hörðuvallaskóli",
    "heimilisfang": "Baugakór 38 / Vallakór 12",
    "pnr": "203",
    "stadur": "KÓPAVOGI",
    "svnr": "1000",
    "sveitarfelag": "Kópavogsbær",
    "ibuafjoldi": "35,970",
    "staerdarflokkur": "5.000 og yfir",
    "svaedi": "H",
    "landshluti": "SSH",
    "vefsida": "www.horduvallaskoli.is",
    "netfang": "ritari.horduvallaskola@kopavogur.is"
  },
  {
    "skoli": "Vatnsendaskóli",
    "heimilisfang": "v/Funahvarf",
    "pnr": "203",
    "stadur": "KÓPAVOGI",
    "svnr": "1000",
    "sveitarfelag": "Kópavogsbær",
    "ibuafjoldi": "35,970",
    "staerdarflokkur": "5.000 og yfir",
    "svaedi": "H",
    "landshluti": "SSH",
    "vefsida": "www.vatnsendaskoli.is",
    "netfang": "vatnsendaskoli@kopavogur.is"
  },
  {
    "skoli": "Waldorfskólinn Lækjarbotnum",
    "heimilisfang": "Lækjarbotnaland 53",
    "pnr": "203",
    "stadur": "KÓPAVOGI",
    "svnr": "1000",
    "sveitarfelag": "Kópavogsbær",
    "ibuafjoldi": "35,970",
    "staerdarflokkur": "5.000 og yfir",
    "svaedi": "H",
    "landshluti": "SSH",
    "vefsida": "www.waldorfskolinn/waldorf",
    "netfang": "waldorfskolinn@waldorfskolinn.is"
  },
  {
    "skoli": "Alþjóðaskólinn á Íslandi",
    "heimilisfang": "Löngulínu 8",
    "pnr": "210",
    "stadur": "GARÐABÆ",
    "svnr": "1300",
    "sveitarfelag": "Garðabær",
    "ibuafjoldi": "15,709",
    "staerdarflokkur": "5.000 og yfir",
    "svaedi": "H",
    "landshluti": "SSH",
    "vefsida": "www.internationalschool.is",
    "netfang": "admin@internationalschool.is"
  },
  {
    "skoli": "Barnaskóli Hjallastefnunnar",
    "heimilisfang": "Vífilsstaðavegur 123",
    "pnr": "210",
    "stadur": "GARÐABÆ",
    "svnr": "1300",
    "sveitarfelag": "Garðabær",
    "ibuafjoldi": "15,709",
    "staerdarflokkur": "5.000 og yfir",
    "svaedi": "H",
    "landshluti": "SSH",
    "vefsida": "http://bskgbr.hjalli.is/",
    "netfang": "barnaskolinngbr@hjalli.is"
  },
  {
    "skoli": "Flataskóli",
    "heimilisfang": "v/Vífilsstaðaveg",
    "pnr": "210",
    "stadur": "GARÐABÆ",
    "svnr": "1300",
    "sveitarfelag": "Garðabær",
    "ibuafjoldi": "15,709",
    "staerdarflokkur": "5.000 og yfir",
    "svaedi": "H",
    "landshluti": "SSH",
    "vefsida": "www.flataskoli.is",
    "netfang": "flataskoli@flataskoli.is"
  },
  {
    "skoli": "Garðaskóli",
    "heimilisfang": "v/Vífilsstaðaveg",
    "pnr": "210",
    "stadur": "GARÐABÆ",
    "svnr": "1300",
    "sveitarfelag": "Garðabær",
    "ibuafjoldi": "15,709",
    "staerdarflokkur": "5.000 og yfir",
    "svaedi": "H",
    "landshluti": "SSH",
    "vefsida": "www.gardaskoli.is",
    "netfang": "gardaskoli@gardaskoli.is"
  },
  {
    "skoli": "Hofstaðaskóli",
    "heimilisfang": "v/Skólabraut",
    "pnr": "210",
    "stadur": "GARÐABÆ",
    "svnr": "1300",
    "sveitarfelag": "Garðabær",
    "ibuafjoldi": "15,709",
    "staerdarflokkur": "5.000 og yfir",
    "svaedi": "H",
    "landshluti": "SSH",
    "vefsida": "www.hofstadaskoli.is",
    "netfang": "hskoli@hofsstadaskoli.is"
  },
  {
    "skoli": "Sjálandsskóli",
    "heimilisfang": "Löngulínu 8",
    "pnr": "210",
    "stadur": "GARÐABÆ",
    "svnr": "1300",
    "sveitarfelag": "Garðabær",
    "ibuafjoldi": "15,709",
    "staerdarflokkur": "5.000 og yfir",
    "svaedi": "H",
    "landshluti": "SSH",
    "vefsida": "www.sjalandsskoli.is",
    "netfang": "sjalandsskoli@sjalandsskoli.is"
  },
  {
    "skoli": "Urriðaholtsskóli",
    "heimilisfang": "v/Vinastræti",
    "pnr": "210",
    "stadur": "GARÐABÆ",
    "svnr": "1300",
    "sveitarfelag": "Garðabær",
    "ibuafjoldi": "15,709",
    "staerdarflokkur": "5.000 og yfir",
    "svaedi": "H",
    "landshluti": "SSH",
    "vefsida": "www.urridaholtsskoli.is",
    "netfang": "urridaholtsskoli@urridaholtsskoli.is"
  },
  {
    "skoli": "Áslandsskóli",
    "heimilisfang": "Kríuási 1",
    "pnr": "221",
    "stadur": "HAFNARFIRÐI",
    "svnr": "1400",
    "sveitarfelag": "Hafnarfjarðarkaupstaður",
    "ibuafjoldi": "29,412",
    "staerdarflokkur": "5.000 og yfir",
    "svaedi": "H",
    "landshluti": "SSH",
    "vefsida": "www.aslandsskoli.is",
    "netfang": "aslandsskoli@aslandsskoli.is"
  },
  {
    "skoli": "Barnaskóli Hjallastefnunnar í Hafnarfirði",
    "heimilisfang": "Hjallabraut 55",
    "pnr": "220",
    "stadur": "HAFNARFIRÐI",
    "svnr": "1400",
    "sveitarfelag": "Hafnarfjarðarkaupstaður",
    "ibuafjoldi": "29,412",
    "staerdarflokkur": "5.000 og yfir",
    "svaedi": "H",
    "landshluti": "SSH",
    "vefsida": "www.hjalli.is/bsk7610",
    "netfang": "barnaskolinnhfj@hjalli.is"
  },
  {
    "skoli": "Hraunvallaskóli",
    "heimilisfang": "Drekavellir 9",
    "pnr": "220",
    "stadur": "HAFNARFIRÐI",
    "svnr": "1400",
    "sveitarfelag": "Hafnarfjarðarkaupstaður",
    "ibuafjoldi": "29,412",
    "staerdarflokkur": "5.000 og yfir",
    "svaedi": "H",
    "landshluti": "SSH",
    "vefsida": "www.hraunvallaskoli.is",
    "netfang": "hraunvallaskoli@hraunvallaskoli.is"
  },
  {
    "skoli": "Hvaleyrarskóli",
    "heimilisfang": "Akurholti 1",
    "pnr": "220",
    "stadur": "HAFNARFIRÐI",
    "svnr": "1400",
    "sveitarfelag": "Hafnarfjarðarkaupstaður",
    "ibuafjoldi": "29,412",
    "staerdarflokkur": "5.000 og yfir",
    "svaedi": "H",
    "landshluti": "SSH",
    "vefsida": "www.hvaleyrarskoli.is",
    "netfang": "hvaleyrarskoli@hvaleyrarskoli.is"
  },
  {
    "skoli": "Lækjarskóli",
    "heimilisfang": "Sólvangsvegi 4",
    "pnr": "220",
    "stadur": "HAFNARFIRÐI",
    "svnr": "1400",
    "sveitarfelag": "Hafnarfjarðarkaupstaður",
    "ibuafjoldi": "29,412",
    "staerdarflokkur": "5.000 og yfir",
    "svaedi": "H",
    "landshluti": "SSH",
    "vefsida": "www.laekjarskoli.is",
    "netfang": "skoli@laekjarskoli.is"
  },
  {
    "skoli": "Setbergsskóli",
    "heimilisfang": "Hlíðarberg 2",
    "pnr": "220",
    "stadur": "HAFNARFIRÐI",
    "svnr": "1400",
    "sveitarfelag": "Hafnarfjarðarkaupstaður",
    "ibuafjoldi": "29,412",
    "staerdarflokkur": "5.000 og yfir",
    "svaedi": "H",
    "landshluti": "SSH",
    "vefsida": "www.setbergsskoli.is",
    "netfang": "setbergsskoli@setbergsskoli.is"
  },
  {
    "skoli": "Skarðshlíðarskóli",
    "heimilisfang": "Kirkjuvellir 1",
    "pnr": "220",
    "stadur": "HAFNARFIRÐI",
    "svnr": "1400",
    "sveitarfelag": "Hafnarfjarðarkaupstaður",
    "ibuafjoldi": "29,412",
    "staerdarflokkur": "5.000 og yfir",
    "svaedi": "H",
    "landshluti": "SSH",
    "vefsida": "www.skardshlidarskoli.is",
    "netfang": "skardshlidarskoli@skardshlidarskoli.is"
  },
  {
    "skoli": "Víðistaðaskóli",
    "heimilisfang": "Hrauntungu 7",
    "pnr": "220",
    "stadur": "HAFNARFIRÐI",
    "svnr": "1400",
    "sveitarfelag": "Hafnarfjarðarkaupstaður",
    "ibuafjoldi": "29,412",
    "staerdarflokkur": "5.000 og yfir",
    "svaedi": "H",
    "landshluti": "SSH",
    "vefsida": "www.vidistadaskoli.is",
    "netfang": "vidistadaskoli@vidistadaskoli.is"
  },
  {
    "skoli": "Öldutúnsskóli",
    "heimilisfang": "Öldutúni",
    "pnr": "220",
    "stadur": "HAFNARFIRÐI",
    "svnr": "1400",
    "sveitarfelag": "Hafnarfjarðarkaupstaður",
    "ibuafjoldi": "29,412",
    "staerdarflokkur": "5.000 og yfir",
    "svaedi": "H",
    "landshluti": "SSH",
    "vefsida": "www.oldutunsskoli.is",
    "netfang": "oldutunsskoli@oldutunsskoli.is"
  },
  {
    "skoli": "NÚ",
    "heimilisfang": "Flatahraun 3",
    "pnr": "220",
    "stadur": "HAFNARFIRÐI",
    "svnr": "1400",
    "sveitarfelag": "Hafnarfjarðarkaupstaður",
    "ibuafjoldi": "29,412",
    "staerdarflokkur": "5.000 og yfir",
    "svaedi": "H",
    "landshluti": "SSH",
    "vefsida": "www.framsynmenntun.is",
    "netfang": "info@framsynmenntun.is"
  },
  {
    "skoli": "Álftanesskóli",
    "heimilisfang": "v/Breiðumýri",
    "pnr": "225",
    "stadur": "ÁLFTANESI",
    "svnr": "1300",
    "sveitarfelag": "Garðabær",
    "ibuafjoldi": "15,709",
    "staerdarflokkur": "5.000 og yfir",
    "svaedi": "H",
    "landshluti": "SSH",
    "vefsida": "www.alftanesskoli.is",
    "netfang": "alftanesskoli@alftanesskoli.is"
  },
  {
    "skoli": "Heiðarskóli",
    "heimilisfang": "Heiðarhvammi",
    "pnr": "230",
    "stadur": "REYKJANESBÆ",
    "svnr": "2000",
    "sveitarfelag": "Reykjanesbær",
    "ibuafjoldi": "17,805",
    "staerdarflokkur": "5.000 og yfir",
    "svaedi": "L",
    "landshluti": "SSS",
    "vefsida": "www.heidarskoli.is",
    "netfang": "heidarskoli@heidarskoli.is"
  },
  {
    "skoli": "Holtaskóli",
    "heimilisfang": "v/Sunnubraut",
    "pnr": "230",
    "stadur": "REYKJANESBÆ",
    "svnr": "2000",
    "sveitarfelag": "Reykjanesbær",
    "ibuafjoldi": "17,805",
    "staerdarflokkur": "5.000 og yfir",
    "svaedi": "L",
    "landshluti": "SSS",
    "vefsida": "www.holtaskoli.is",
    "netfang": "holtaskoli@holtaskoli.is"
  },
  {
    "skoli": "Myllubakkaskóli",
    "heimilisfang": "Sólvallagötu 6a",
    "pnr": "230",
    "stadur": "REYKJANESBÆ",
    "svnr": "2000",
    "sveitarfelag": "Reykjanesbær",
    "ibuafjoldi": "17,805",
    "staerdarflokkur": "5.000 og yfir",
    "svaedi": "L",
    "landshluti": "SSS",
    "vefsida": "www.myllubakkaskoli.is",
    "netfang": "mylla@myllubakkaskoli.is"
  },
  {
    "skoli": "Grunnskólinn í Grindavík",
    "heimilisfang": "Ásabraut 2",
    "pnr": "240",
    "stadur": "GRINDAVÍK",
    "svnr": "2300",
    "sveitarfelag": "Grindavíkurbær",
    "ibuafjoldi": "3,323",
    "staerdarflokkur": "2.000-4.999",
    "svaedi": "L",
    "landshluti": "SSS",
    "vefsida": "http://grindavik.is/grunnskolinn",
    "netfang": "skolinn@grindavik.is"
  },
  {
    "skoli": "Grunnskólinn í Sandgerði",
    "heimilisfang": "Skólastræti",
    "pnr": "245",
    "stadur": "SANDGERÐI",
    "svnr": "2503",
    "sveitarfelag": "Sandgerðisbær",
    "ibuafjoldi": "1,779",
    "staerdarflokkur": "1.000-1.999",
    "svaedi": "L",
    "landshluti": "SSS",
    "vefsida": "www.sandgerdisskoli.is",
    "netfang": "grunnskoli@sandgerdisskoli.is"
  },
  {
    "skoli": "Gerðaskóli",
    "heimilisfang": "Garðbraut 90",
    "pnr": "250",
    "stadur": "GARÐI",
    "svnr": "2504",
    "sveitarfelag": "Sveitarfélagið Garður",
    "ibuafjoldi": "1,595",
    "staerdarflokkur": "1.000-1.999",
    "svaedi": "L",
    "landshluti": "SSS",
    "vefsida": "www.gerdaskoli.is",
    "netfang": "gerdaskoli@gerdaskoli.is"
  },
  {
    "skoli": "Akurskóli",
    "heimilisfang": "Tjarnarbraut 5",
    "pnr": "260",
    "stadur": "REYKJANESBÆ",
    "svnr": "2000",
    "sveitarfelag": "Reykjanesbær",
    "ibuafjoldi": "17,805",
    "staerdarflokkur": "5.000 og yfir",
    "svaedi": "L",
    "landshluti": "SSS",
    "vefsida": "www.akurskoli.is",
    "netfang": "akurskoli@akurskoli.is"
  },
  {
    "skoli": "Háaleitisskóli",
    "heimilisfang": "Lindarbraut 624 - Vallarheiði",
    "pnr": "260",
    "stadur": "REYKJANESBÆ",
    "svnr": "2000",
    "sveitarfelag": "Reykjanesbær",
    "ibuafjoldi": "17,805",
    "staerdarflokkur": "5.000 og yfir",
    "svaedi": "L",
    "landshluti": "SSS",
    "vefsida": "http://haaleitisskoli.reykjanesbaer.is",
    "netfang": "haaleitisskoli@haaleitisskoli.is"
  },
  {
    "skoli": "Njarðvíkurskóli",
    "heimilisfang": "v/Brekkustíg",
    "pnr": "260",
    "stadur": "REYKJANESBÆ",
    "svnr": "2000",
    "sveitarfelag": "Reykjanesbær",
    "ibuafjoldi": "17,805",
    "staerdarflokkur": "5.000 og yfir",
    "svaedi": "L",
    "landshluti": "SSS",
    "vefsida": "www.njardvikurskoli.is",
    "netfang": "njardvikurskoli@njardvikurskoli.is"
  },
  {
    "skoli": "Krikaskóli",
    "heimilisfang": "Sunnukrika 1",
    "pnr": "270",
    "stadur": "MOSFELLSBÆ",
    "svnr": "1604",
    "sveitarfelag": "Mosfellsbær",
    "ibuafjoldi": "10,556",
    "staerdarflokkur": "5.000 og yfir",
    "svaedi": "H",
    "landshluti": "SSH",
    "vefsida": "www.krikaskoli.is",
    "netfang": "krikaskoli@krikaskoli.is"
  },
  {
    "skoli": "Lágafellsskóli",
    "heimilisfang": "v/Lækjarhlíð",
    "pnr": "270",
    "stadur": "MOSFELLSBÆ",
    "svnr": "1604",
    "sveitarfelag": "Mosfellsbær",
    "ibuafjoldi": "10,556",
    "staerdarflokkur": "5.000 og yfir",
    "svaedi": "H",
    "landshluti": "SSH",
    "vefsida": "www.lagafellsskoli.is",
    "netfang": "lagafellsskoli@lagafellsskoli.is"
  },
  {
    "skoli": "Varmárskóli",
    "heimilisfang": "v/Skólabraut",
    "pnr": "270",
    "stadur": "MOSFELLSBÆ",
    "svnr": "1604",
    "sveitarfelag": "Mosfellsbær",
    "ibuafjoldi": "10,556",
    "staerdarflokkur": "5.000 og yfir",
    "svaedi": "H",
    "landshluti": "SSH",
    "vefsida": "www.varmarskoli.is",
    "netfang": "varmarskoli@varmarskoli.is"
  },
  {
    "skoli": "Brekkubæjarskóli",
    "heimilisfang": "v/Vesturgötu",
    "pnr": "300",
    "stadur": "AKRANESI",
    "svnr": "3000",
    "sveitarfelag": "Akraneskaupstaður",
    "ibuafjoldi": "7,259",
    "staerdarflokkur": "5.000 og yfir",
    "svaedi": "L",
    "landshluti": "SSV",
    "vefsida": "www.brekkubaejarskoli.is",
    "netfang": "skrifstofa@brekkubaejarskoli.is"
  },
  {
    "skoli": "Grundaskóli",
    "heimilisfang": "Espigrund 1",
    "pnr": "300",
    "stadur": "AKRANESI",
    "svnr": "3000",
    "sveitarfelag": "Akraneskaupstaður",
    "ibuafjoldi": "7,259",
    "staerdarflokkur": "5.000 og yfir",
    "svaedi": "L",
    "landshluti": "SSV",
    "vefsida": "www.grundaskoli.is",
    "netfang": "grundaskoli@akranes.is"
  },
  {
    "skoli": "Leik- og grunnskóli Hvalfjarðarsveitar",
    "heimilisfang": "Leirársveit",
    "pnr": "301",
    "stadur": "AKRANESI",
    "svnr": "3511",
    "sveitarfelag": "Hvalfjarðarsveit",
    "ibuafjoldi": "648",
    "staerdarflokkur": "500-999",
    "svaedi": "L",
    "landshluti": "SSV",
    "vefsida": "http://skoli.hvalfjardarsveit.is",
    "netfang": "heidarskoli@hvalfjardarsveit.is"
  },
  {
    "skoli": "Grunnskólinn Borgarnesi",
    "heimilisfang": "Gunnlaugsgötu 13",
    "pnr": "310",
    "stadur": "BORGARNESI",
    "svnr": "3609",
    "sveitarfelag": "Borgarbyggð",
    "ibuafjoldi": "3,745",
    "staerdarflokkur": "2.000-4.999",
    "svaedi": "L",
    "landshluti": "SSV",
    "vefsida": "www.grunnborg.is",
    "netfang": "skoli@grunnborg.is"
  },
  {
    "skoli": "Grunnskóli Borgarfjarðar",
    "heimilisfang": "Hvanneyri, Kleppjárnsreykjum og Varmalandi",
    "pnr": "311",
    "stadur": "BORGARNESI",
    "svnr": "3609",
    "sveitarfelag": "Borgarbyggð",
    "ibuafjoldi": "3,745",
    "staerdarflokkur": "2.000-4.999",
    "svaedi": "L",
    "landshluti": "SSV",
    "vefsida": "www.gbf.is",
    "netfang": "inga@gbf.is"
  },
  {
    "skoli": "Laugargerðisskóli",
    "heimilisfang": "Snæfellsnesi",
    "pnr": "311",
    "stadur": "BORGARNESI",
    "svnr": "3713",
    "sveitarfelag": "Eyja- og Miklaholtshreppur",
    "ibuafjoldi": "129",
    "staerdarflokkur": "undir 500",
    "svaedi": "L",
    "landshluti": "SSV",
    "vefsida": "www.laugargerdisskoli.is",
    "netfang": "laugarg@ismennt.is"
  },
  {
    "skoli": "Grunnskólinn Stykkishólmi",
    "heimilisfang": "v/Borgarbraut",
    "pnr": "340",
    "stadur": "STYKKISHÓLMI",
    "svnr": "3711",
    "sveitarfelag": "Stykkishólmsbær",
    "ibuafjoldi": "1,177",
    "staerdarflokkur": "1.000-1.999",
    "svaedi": "L",
    "landshluti": "SSV",
    "vefsida": "http://grunnskoli.stykkisholmur.is",
    "netfang": "grunnskoli@stykk.is"
  },
  {
    "skoli": "Grunnskóli Grundarfjarðar",
    "heimilisfang": "Borgarbraut 19",
    "pnr": "350",
    "stadur": "GRUNDARFIRÐI",
    "svnr": "3709",
    "sveitarfelag": "Grundarfjarðarbær",
    "ibuafjoldi": "877",
    "staerdarflokkur": "500-999",
    "svaedi": "L",
    "landshluti": "SSV",
    "vefsida": "www.grundo.is",
    "netfang": "grunnskoli@gfb.is"
  },
  {
    "skoli": "Grunnskóli Snæfellsbæjar",
    "heimilisfang": "Ennisbraut 11",
    "pnr": "355",
    "stadur": "ÓLAFSVÍK",
    "svnr": "3714",
    "sveitarfelag": "Snæfellsbær",
    "ibuafjoldi": "1,641",
    "staerdarflokkur": "1.000-1.999",
    "svaedi": "L",
    "landshluti": "SSV",
    "vefsida": "www.gsnb.is",
    "netfang": "gs@gsnb.is"
  },
  {
    "skoli": "Grunnskóli Snæfellsbæjar",
    "heimilisfang": "Lýsuhóli, Staðarsveit",
    "pnr": "356",
    "stadur": "STAÐARSVEIT",
    "svnr": "3714",
    "sveitarfelag": "Snæfellsbær",
    "ibuafjoldi": "1,641",
    "staerdarflokkur": "1.000-1.999",
    "svaedi": "L",
    "landshluti": "SSV",
    "vefsida": "www.gsnb.is",
    "netfang": "gs@gsnb.is"
  },
  {
    "skoli": "Grunnskóli Snæfellsbæjar",
    "heimilisfang": "Keflavíkurgötu 2",
    "pnr": "360",
    "stadur": "HELLISSANDI",
    "svnr": "3714",
    "sveitarfelag": "Snæfellsbær",
    "ibuafjoldi": "1,641",
    "staerdarflokkur": "1.000-1.999",
    "svaedi": "L",
    "landshluti": "SSV",
    "vefsida": "www.gsnb.is",
    "netfang": "gs@gsnb.is"
  },
  {
    "skoli": "Auðarskóli",
    "heimilisfang": "Miðbraut 10",
    "pnr": "370",
    "stadur": "BÚÐARDAL",
    "svnr": "3811",
    "sveitarfelag": "Dalabyggð",
    "ibuafjoldi": "667",
    "staerdarflokkur": "500-999",
    "svaedi": "L",
    "landshluti": "SSV",
    "vefsida": "www.audarskoli.is",
    "netfang": "audarskoli@audarskoli.is   "
  },
  {
    "skoli": "Reykhólaskóli",
    "heimilisfang": "Skólabraut 1",
    "pnr": "380",
    "stadur": "REYKHÓLAHREPPI",
    "svnr": "4502",
    "sveitarfelag": "Reykhólahreppur",
    "ibuafjoldi": "275",
    "staerdarflokkur": "undir 500",
    "svaedi": "L",
    "landshluti": "FV",
    "vefsida": "www.reykholar.is/skoli",
    "netfang": "skolastjori@reykholar.is"
  },
  {
    "skoli": "Grunnskólinn á Ísafirði",
    "heimilisfang": "v/Austurveg",
    "pnr": "400",
    "stadur": "ÍSAFIRÐI",
    "svnr": "4200",
    "sveitarfelag": "Ísafjarðarbær",
    "ibuafjoldi": "3,707",
    "staerdarflokkur": "2.000-4.999",
    "svaedi": "L",
    "landshluti": "FV",
    "vefsida": "http://grisa.isafjordur.is",
    "netfang": "grisa@isafjordur.is"
  },
  {
    "skoli": "Grunnskóli Bolungarvíkur",
    "heimilisfang": "Höfðastíg 3-5",
    "pnr": "415",
    "stadur": "BOLUNGARVÍK",
    "svnr": "4100",
    "sveitarfelag": "Bolungarvíkurkaupstaður",
    "ibuafjoldi": "945",
    "staerdarflokkur": "500-999",
    "svaedi": "L",
    "landshluti": "FV",
    "vefsida": "http://gs.bolungarvik.is",
    "netfang": "bolungur@bolungarvik.is"
  },
  {
    "skoli": "Súðavíkurskóli",
    "heimilisfang": "v/Grundarstræti",
    "pnr": "420",
    "stadur": "SÚÐAVÍK",
    "svnr": "4803",
    "sveitarfelag": "Súðavíkurhreppur",
    "ibuafjoldi": "196",
    "staerdarflokkur": "undir 500",
    "svaedi": "L",
    "landshluti": "FV",
    "vefsida": "http://sudavik.is/skoli/grunnskoladeild",
    "netfang": "annalind@sudavikurskoli.is "
  },
  {
    "skoli": "Grunnskóli Önundarfjarðar",
    "heimilisfang": "Tjarnargötu",
    "pnr": "425",
    "stadur": "FLATEYRI",
    "svnr": "4200",
    "sveitarfelag": "Ísafjarðarbær",
    "ibuafjoldi": "3,707",
    "staerdarflokkur": "2.000-4.999",
    "svaedi": "L",
    "landshluti": "FV",
    "vefsida": "http://gron.isafjordur.is",
    "netfang": "kristbjorgre@isafjordur.is"
  },
  {
    "skoli": "Grunnskólinn á Suðureyri",
    "heimilisfang": "Túngötu 8",
    "pnr": "430",
    "stadur": "SUÐUREYRI",
    "svnr": "4200",
    "sveitarfelag": "Ísafjarðarbær",
    "ibuafjoldi": "3,707",
    "staerdarflokkur": "2.000-4.999",
    "svaedi": "L",
    "landshluti": "FV",
    "vefsida": "http://grsud.isafjordur.is",
    "netfang": "grsud@isafjordur.is"
  },
  {
    "skoli": "Patreksskóli",
    "heimilisfang": "Aðalstræti 53",
    "pnr": "450",
    "stadur": "PATREKSFIRÐI",
    "svnr": "4607",
    "sveitarfelag": "Vesturbyggð",
    "ibuafjoldi": "1,024",
    "staerdarflokkur": "1.000-1.999",
    "svaedi": "L",
    "landshluti": "FV",
    "vefsida": "www.patreksskoli.is",
    "netfang": "gustaf@vesturbyggd.is"
  },
  {
    "skoli": "Tálknafjarðarskóli",
    "heimilisfang": "Sveinseyri",
    "pnr": "460",
    "stadur": "TÁLKNAFIRÐI",
    "svnr": "4604",
    "sveitarfelag": "Tálknafjarðarhreppur",
    "ibuafjoldi": "244",
    "staerdarflokkur": "undir 500",
    "svaedi": "L",
    "landshluti": "FV",
    "vefsida": "http://talknafj.hjalli.is",
    "netfang": "talknafjardarskoli@hjalli.is"
  },
  {
    "skoli": "Bíldudalsskóli",
    "heimilisfang": "Dalbraut 2",
    "pnr": "465",
    "stadur": "BÍLDUDAL",
    "svnr": "4607",
    "sveitarfelag": "Vesturbyggð",
    "ibuafjoldi": "1,024",
    "staerdarflokkur": "1.000-1.999",
    "svaedi": "L",
    "landshluti": "FV",
    "vefsida": "www.bildudalsskoli.is",
    "netfang": "nanna@vesturbyggd.is"
  },
  {
    "skoli": "Grunnskólinn Þingeyri",
    "heimilisfang": "Fjarðargötu 24",
    "pnr": "470",
    "stadur": "ÞINGEYRI",
    "svnr": "4200",
    "sveitarfelag": "Ísafjarðarbær",
    "ibuafjoldi": "3,707",
    "staerdarflokkur": "2.000-4.999",
    "svaedi": "L",
    "landshluti": "FV",
    "vefsida": "http://grthing.isafjordur.is",
    "netfang": "grthing@isafjordur.is"
  },
  {
    "skoli": "Grunnskólinn Borðeyri 1.-4. bekkur",
    "heimilisfang": "Borðeyri",
    "pnr": "500",
    "stadur": "STAÐ",
    "svnr": "5508",
    "sveitarfelag": "Húnaþing vestra",
    "ibuafjoldi": "1,193",
    "staerdarflokkur": "1.000-1.999",
    "svaedi": "L",
    "landshluti": "SSNV",
    "vefsida": "https://grunnskoli.hunathing.is/is/skolinn",
    "netfang": "leikskoli@hunathing.is"
  },
  {
    "skoli": "Grunnskólinn á Hólmavík",
    "heimilisfang": "Skólabraut 20",
    "pnr": "510",
    "stadur": "HÓLMAVÍK",
    "svnr": "4911",
    "sveitarfelag": "Strandabyggð",
    "ibuafjoldi": "451",
    "staerdarflokkur": "undir 500",
    "svaedi": "L",
    "landshluti": "FV",
    "vefsida": "www.strandabyggd.is/grunnskolinn",
    "netfang": "grunnskoli@strandabyggd.is"
  },
  {
    "skoli": "Grunnskóli Drangsnes",
    "heimilisfang": "Aðalbraut 10",
    "pnr": "520",
    "stadur": "DRANGSNESI",
    "svnr": "4902",
    "sveitarfelag": "Kaldrananeshreppur",
    "ibuafjoldi": "109",
    "staerdarflokkur": "undir 500",
    "svaedi": "L",
    "landshluti": "FV",
    "vefsida": "http://drangsnes.is/skoli",
    "netfang": "skoli@drangsnes.is"
  },
  {
    "skoli": "Finnbogastaðaskóli",
    "heimilisfang": "Finnbogastöðum",
    "pnr": "523",
    "stadur": "BÆ",
    "svnr": "4901",
    "sveitarfelag": "Árneshreppur",
    "ibuafjoldi": "43",
    "staerdarflokkur": "undir 500",
    "svaedi": "L",
    "landshluti": "FV",
    "netfang": "finnbogastadaskoli@arneshreppur.is"
  },
  {
    "skoli": "Grunnskóli Húnaþings vestra",
    "heimilisfang": "Pósthólf 90",
    "pnr": "530",
    "stadur": "HVAMMSTANGA",
    "svnr": "5508",
    "sveitarfelag": "Húnaþing vestra",
    "ibuafjoldi": "1,193",
    "staerdarflokkur": "1.000-1.999",
    "svaedi": "L",
    "landshluti": "SSNV",
    "vefsida": "http://grunnskoli.hunathing.is",
    "netfang": "grunnskoli@hunathing.is"
  },
  {
    "skoli": "Blönduskóli",
    "heimilisfang": "Húnabraut 2a",
    "pnr": "540",
    "stadur": "BLÖNDUÓSI",
    "svnr": "5604",
    "sveitarfelag": "Blönduósbær",
    "ibuafjoldi": "895",
    "staerdarflokkur": "500-999",
    "svaedi": "L",
    "landshluti": "SSNV",
    "vefsida": "http://blonduskoli.is",
    "netfang": "blonduskoli@blonduskoli.is"
  },
  {
    "skoli": "Húnavallaskóli",
    "heimilisfang": "Húnavöllum",
    "pnr": "541",
    "stadur": "BLÖNDUÓSI",
    "svnr": "5612",
    "sveitarfelag": "Húnavatnshreppur",
    "ibuafjoldi": "383",
    "staerdarflokkur": "undir 500",
    "svaedi": "L",
    "landshluti": "SSNV",
    "vefsida": "www.hunavallaskoli.is",
    "netfang": "skolastjori@hunavallaskoli.is"
  },
  {
    "skoli": "Höfðaskóli",
    "heimilisfang": "Bogabraut 2",
    "pnr": "545",
    "stadur": "SKAGASTRÖND",
    "svnr": "5609",
    "sveitarfelag": "Sveitarfélagið Skagaströnd",
    "ibuafjoldi": "482",
    "staerdarflokkur": "undir 500",
    "svaedi": "L",
    "landshluti": "SSNV",
    "vefsida": "http://hofdaskoli.wixsite.com/hofdaskoli",
    "netfang": "hofdaskoli@hofdaskoli.is"
  },
  {
    "skoli": "Árskóli",
    "heimilisfang": "v/Skagfirðingabraut",
    "pnr": "550",
    "stadur": "SAUÐÁRKRÓKI",
    "svnr": "5200",
    "sveitarfelag": "Sveitarfélagið Skagafjörður",
    "ibuafjoldi": "3,955",
    "staerdarflokkur": "2.000-4.999",
    "svaedi": "L",
    "landshluti": "SSNV",
    "vefsida": "www.arskoli.is",
    "netfang": "arskoli@arskoli.is"
  },
  {
    "skoli": "Varmahlíðaskóli",
    "heimilisfang": "Birkimel 2",
    "pnr": "560",
    "stadur": "VARMAHLÍÐ",
    "svnr": "5200",
    "sveitarfelag": "Sveitarfélagið Skagafjörður",
    "ibuafjoldi": "3,955",
    "staerdarflokkur": "2.000-4.999",
    "svaedi": "L",
    "landshluti": "SSNV",
    "vefsida": "www.varmahlidarskoli.is",
    "netfang": "varmahlidarskoli@varmahlidarskoli.is"
  },
  {
    "skoli": "Grunnskólinn austan Vatna",
    "heimilisfang": "Hólum/Hofsósi/Sólgörðum",
    "pnr": "565",
    "stadur": "HOFSÓSI",
    "svnr": "5200",
    "sveitarfelag": "Sveitarfélagið Skagafjörður",
    "ibuafjoldi": "3,955",
    "staerdarflokkur": "2.000-4.999",
    "svaedi": "L",
    "landshluti": "SSNV",
    "vefsida": "www.gsh.is",
    "netfang": "gsh@gsh.is"
  },
  {
    "skoli": "Grunnskóli Fjallabyggðar",
    "heimilisfang": "v/Norðurgötu og Hlíðarveg, Siglufirði og v/Tjarnarstíg Ólafsfirði",
    "pnr": "580",
    "stadur": "SIGLUFIRÐI",
    "svnr": "6250",
    "sveitarfelag": "Fjallabyggð",
    "ibuafjoldi": "2,015",
    "staerdarflokkur": "2.000-4.999",
    "svaedi": "L",
    "landshluti": "Eyþing",
    "vefsida": "http://grunnskoli.fjallabyggd.is",
    "netfang": "erlag@fjallaskolar.is"
  },
  {
    "skoli": "Brekkuskóli",
    "heimilisfang": "v/Skólastíg",
    "pnr": "600",
    "stadur": "AKUREYRI",
    "svnr": "6000",
    "sveitarfelag": "Akureyrarkaupstaður",
    "ibuafjoldi": "18,787",
    "staerdarflokkur": "5.000 og yfir",
    "svaedi": "L",
    "landshluti": "Eyþing",
    "vefsida": "www.brekkuskoli.is",
    "netfang": "brekkuskoli@akureyri.is"
  },
  {
    "skoli": "Lundarskóli",
    "heimilisfang": "v/Dalsbraut",
    "pnr": "600",
    "stadur": "AKUREYRI",
    "svnr": "6000",
    "sveitarfelag": "Akureyrarkaupstaður",
    "ibuafjoldi": "18,787",
    "staerdarflokkur": "5.000 og yfir",
    "svaedi": "L",
    "landshluti": "Eyþing",
    "vefsida": "www.lundarskoli.is",
    "netfang": "lundarskoli@akureyri.is"
  },
  {
    "skoli": "Naustaskóli",
    "heimilisfang": "Hólmatúni 2",
    "pnr": "600",
    "stadur": "AKUREYRI",
    "svnr": "6000",
    "sveitarfelag": "Akureyrarkaupstaður",
    "ibuafjoldi": "18,787",
    "staerdarflokkur": "5.000 og yfir",
    "svaedi": "L",
    "landshluti": "Eyþing",
    "vefsida": "www.naustaskoli.is",
    "netfang": "naustaskoli@akureyri.is"
  },
  {
    "skoli": "Oddeyrarskóli",
    "heimilisfang": "v/Víðivelli",
    "pnr": "600",
    "stadur": "AKUREYRI",
    "svnr": "6000",
    "sveitarfelag": "Akureyrarkaupstaður",
    "ibuafjoldi": "18,787",
    "staerdarflokkur": "5.000 og yfir",
    "svaedi": "L",
    "landshluti": "Eyþing",
    "vefsida": "www.oddeyrarskoli.is",
    "netfang": "oddeyrarskoli@akureyri.is"
  },
  {
    "skoli": "Hlíðarskóli",
    "heimilisfang": "Skjaldarvík",
    "pnr": "601",
    "stadur": "AKUREYRI",
    "svnr": "6000",
    "sveitarfelag": "Akureyrarkaupstaður",
    "ibuafjoldi": "18,787",
    "staerdarflokkur": "5.000 og yfir",
    "svaedi": "L",
    "landshluti": "Eyþing",
    "vefsida": "http://www.hlidarskoli.akureyri.is/",
    "netfang": "hlidarskoli@akureyri.is"
  },
  {
    "skoli": "Hrafnagilsskóli",
    "heimilisfang": "Skólatröð 1",
    "pnr": "601",
    "stadur": "AKUREYRI",
    "svnr": "6513",
    "sveitarfelag": "Eyjafjarðarsveit",
    "ibuafjoldi": "1,016",
    "staerdarflokkur": "1.000-1.999",
    "svaedi": "L",
    "landshluti": "Eyþing",
    "vefsida": "www.krummi.is",
    "netfang": "hrafnagilsskoli@krummi.is"
  },
  {
    "skoli": "Valsárskóli",
    "heimilisfang": "Svalbarðsströnd",
    "pnr": "601",
    "stadur": "AKUREYRI",
    "svnr": "6601",
    "sveitarfelag": "Svalbarðsstrandarhreppur",
    "ibuafjoldi": "483",
    "staerdarflokkur": "undir 500",
    "svaedi": "L",
    "landshluti": "Eyþing",
    "vefsida": "https://www.svalbardsstrond.is/alfaborg-valsarskoli",
    "netfang": "valsarskoli@svalbardsstrond.is"
  },
  {
    "skoli": "Þelamerkurskóli",
    "heimilisfang": "Laugalandi á Þelamörk",
    "pnr": "601",
    "stadur": "AKUREYRI",
    "svnr": "6515",
    "sveitarfelag": "Hörgársveit",
    "ibuafjoldi": "580",
    "staerdarflokkur": "500-999",
    "svaedi": "L",
    "landshluti": "Eyþing",
    "vefsida": "www.thelamork.is",
    "netfang": "thelamork@thelamork.is"
  },
  {
    "skoli": "Giljaskóli",
    "heimilisfang": "v/Kiðagil",
    "pnr": "603",
    "stadur": "AKUREYRI",
    "svnr": "6000",
    "sveitarfelag": "Akureyrarkaupstaður",
    "ibuafjoldi": "18,787",
    "staerdarflokkur": "5.000 og yfir",
    "svaedi": "L",
    "landshluti": "Eyþing",
    "vefsida": "www.giljaskoli.is",
    "netfang": "giljaskoli@akureyri.is"
  },
  {
    "skoli": "Glerárskóli",
    "heimilisfang": "v/Höfðahlíð",
    "pnr": "603",
    "stadur": "AKUREYRI",
    "svnr": "6000",
    "sveitarfelag": "Akureyrarkaupstaður",
    "ibuafjoldi": "18,787",
    "staerdarflokkur": "5.000 og yfir",
    "svaedi": "L",
    "landshluti": "Eyþing",
    "vefsida": "www.glerarskoli.is",
    "netfang": "glerarskoli@akureyri.is"
  },
  {
    "skoli": "Síðuskóli",
    "heimilisfang": "v/Bugðusíðu",
    "pnr": "603",
    "stadur": "AKUREYRI",
    "svnr": "6000",
    "sveitarfelag": "Akureyrarkaupstaður",
    "ibuafjoldi": "18,787",
    "staerdarflokkur": "5.000 og yfir",
    "svaedi": "L",
    "landshluti": "Eyþing",
    "vefsida": "www.siduskoli.is",
    "netfang": "siduskoli@akureyri.is"
  },
  {
    "skoli": "Grenivíkurskóli",
    "pnr": "610",
    "stadur": "GRENIVÍK",
    "svnr": "6602",
    "sveitarfelag": "Grýtubakkahreppur",
    "ibuafjoldi": "372",
    "staerdarflokkur": "undir 500",
    "svaedi": "L",
    "landshluti": "Eyþing",
    "vefsida": "www.grenivikurskoli.is",
    "netfang": "grenivikurskoli@grenivikurskoli.is"
  },
  {
    "skoli": "Grímseyjarskóli",
    "pnr": "611",
    "stadur": "GRÍMSEY",
    "svnr": "6000",
    "sveitarfelag": "Akureyrarkaupstaður",
    "ibuafjoldi": "18,787",
    "staerdarflokkur": "5.000 og yfir",
    "svaedi": "L",
    "landshluti": "Eyþing",
    "vefsida": "https://grimseyjarskoli.weebly.com/skoacutelablogg",
    "netfang": "grimseyjarskoli@akmennt.is"
  },
  {
    "skoli": "Dalvíkurskóli",
    "heimilisfang": "v/Mímisveg",
    "pnr": "620",
    "stadur": "DALVÍK",
    "svnr": "6400",
    "sveitarfelag": "Dalvíkurbyggð",
    "ibuafjoldi": "1,880",
    "staerdarflokkur": "1.000-1.999",
    "svaedi": "L",
    "landshluti": "Eyþing",
    "vefsida": "https://www.dalvikurbyggd.is/dalvikurskoli",
    "netfang": "gisli@dalvikurbyggd.is"
  },
  {
    "skoli": "Árskógarskóli",
    "heimilisfang": "Árskógsströnd",
    "pnr": "621",
    "stadur": "DALVÍK",
    "svnr": "6400",
    "sveitarfelag": "Dalvíkurbyggð",
    "ibuafjoldi": "1,880",
    "staerdarflokkur": "1.000-1.999",
    "svaedi": "L",
    "landshluti": "Eyþing",
    "vefsida": "https://www.dalvikurbyggd.is/arskogarskoli",
    "netfang": "arskogarskoli@dalvikurbyggd.is"
  },
  {
    "skoli": "Hríseyjarskóli",
    "heimilisfang": "v/Hólabraut",
    "pnr": "630",
    "stadur": "HRÍSEY",
    "svnr": "6000",
    "sveitarfelag": "Akureyrarkaupstaður",
    "ibuafjoldi": "18,787",
    "staerdarflokkur": "5.000 og yfir",
    "svaedi": "L",
    "landshluti": "Eyþing",
    "vefsida": "www.hriseyjarskoli.is",
    "netfang": "thorunna@akureyri.is"
  },
  {
    "skoli": "Borgarhólsskóli",
    "heimilisfang": "Skólagarður 1",
    "pnr": "640",
    "stadur": "HÚSAVÍK",
    "svnr": "6100",
    "sveitarfelag": "Norðurþing",
    "ibuafjoldi": "3,234",
    "staerdarflokkur": "2.000-4.999",
    "svaedi": "L",
    "landshluti": "Eyþing",
    "vefsida": "http://www.borgarholsskoli.is/",
    "netfang": "skoli@borgarholsskoli.is"
  },
  {
    "skoli": "Stórutjarnaskóli",
    "heimilisfang": "Ljósavatnsskarði",
    "pnr": "641",
    "stadur": "HÚSAVÍK",
    "svnr": "6612",
    "sveitarfelag": "Þingeyjarsveit",
    "ibuafjoldi": "962",
    "staerdarflokkur": "500-999",
    "svaedi": "L",
    "landshluti": "Eyþing",
    "vefsida": "www.storutjarnaskoli.is",
    "netfang": "oliarn@storutjarnaskoli.is"
  },
  {
    "skoli": "Þingeyjarskóli",
    "heimilisfang": "Laugar",
    "pnr": "650",
    "stadur": "LAUGARVATNI",
    "svnr": "6612",
    "sveitarfelag": "Þingeyjarsveit",
    "ibuafjoldi": "962",
    "staerdarflokkur": "500-999",
    "svaedi": "L",
    "landshluti": "Eyþing",
    "vefsida": "www.thingeyjarskoli.is",
    "netfang": "johannrunar@thingeyjarskoli.is"
  },
  {
    "skoli": "Reykjahlíðarskóli",
    "pnr": "660",
    "stadur": "MÝVATNI",
    "svnr": "6607",
    "sveitarfelag": "Skútustaðahreppur",
    "ibuafjoldi": "493",
    "staerdarflokkur": "undir 500",
    "svaedi": "L",
    "landshluti": "Eyþing",
    "vefsida": "http://skutustadahreppur.is/v/19471",
    "netfang": "reykjahlidarskoli@reykjahlidarskoli.is"
  },
  {
    "skoli": "Öxarfjarðarskóli",
    "heimilisfang": "Lundi",
    "pnr": "671",
    "stadur": "KÓPASKERI",
    "svnr": "6100",
    "sveitarfelag": "Norðurþing",
    "ibuafjoldi": "3,234",
    "staerdarflokkur": "2.000-4.999",
    "svaedi": "L",
    "landshluti": "Eyþing",
    "vefsida": "http://oxarfjardarskoli.nordurthing.is/",
    "netfang": "gudrunsk@nordurthing.is"
  },
  {
    "skoli": "Grunnskóli Raufarhafnar",
    "heimilisfang": "v/Skólabraut ",
    "pnr": "675",
    "stadur": "RAUFARHÖFN",
    "svnr": "6100",
    "sveitarfelag": "Norðurþing",
    "ibuafjoldi": "3,234",
    "staerdarflokkur": "2.000-4.999",
    "svaedi": "L",
    "landshluti": "Eyþing",
    "vefsida": "http://grunnskoli.raufarhofn.is/",
    "netfang": "magnusm@raufarhafnarskoli.is"
  },
  {
    "skoli": "Grunnskólinn á Þórshöfn",
    "heimilisfang": "Langanesvegi 20",
    "pnr": "680",
    "stadur": "ÞÓRSHÖFN",
    "svnr": "6709",
    "sveitarfelag": "Langanesbyggð",
    "ibuafjoldi": "481",
    "staerdarflokkur": "undir 500",
    "svaedi": "L",
    "landshluti": "Eyþing",
    "vefsida": "http://thorshofn.wordpress.com/",
    "netfang": "skolastjori@thorshafnarskoli.is "
  },
  {
    "skoli": "Grunnskólinn á Bakkafirði",
    "heimilisfang": "Skólagötu 5",
    "pnr": "685",
    "stadur": "BAKKAFIRÐI",
    "svnr": "6709",
    "sveitarfelag": "Langanesbyggð",
    "ibuafjoldi": "481",
    "staerdarflokkur": "undir 500",
    "svaedi": "L",
    "landshluti": "Eyþing",
    "vefsida": "http://bakkafjardarskoli.is/",
    "netfang": "asdis@thorshafnarskoli.is"
  },
  {
    "skoli": "Vopnafjarðarskóli",
    "heimilisfang": "Lónabraut 12",
    "pnr": "690",
    "stadur": "VOPNAFIRÐI",
    "svnr": "7502",
    "sveitarfelag": "Vopnafjarðarhreppur",
    "ibuafjoldi": "655",
    "staerdarflokkur": "500-999",
    "svaedi": "L",
    "landshluti": "SSA",
    "vefsida": "www.vopnaskoli.is",
    "netfang": "adalbjorn@vopnaskoli.is"
  },
  {
    "skoli": "Egilsstaðaskóli",
    "heimilisfang": "Tjarnarlönd 11",
    "pnr": "700",
    "stadur": "EGILSSTÖÐUM",
    "svnr": "7620",
    "sveitarfelag": "Fljótsdalshérað",
    "ibuafjoldi": "3,547",
    "staerdarflokkur": "2.000-4.999",
    "svaedi": "L",
    "landshluti": "SSA",
    "vefsida": "www.egilsstadaskoli.is",
    "netfang": "egilsstadaskoli@egilsstadir.is"
  },
  {
    "skoli": "Brúarásskóli",
    "heimilisfang": "Brúarás",
    "pnr": "701",
    "stadur": "EGILSSTÖÐUM",
    "svnr": "7620",
    "sveitarfelag": "Fljótsdalshérað",
    "ibuafjoldi": "3,547",
    "staerdarflokkur": "2.000-4.999",
    "svaedi": "L",
    "landshluti": "SSA",
    "vefsida": "www.bruaras.is",
    "netfang": "bruarasskoli@fljotsdalsherad.is"
  },
  {
    "skoli": "Fellaskóli, Fellabæ",
    "heimilisfang": "Einhleypingi",
    "pnr": "701",
    "stadur": "EGILSSTÖÐUM",
    "svnr": "7620",
    "sveitarfelag": "Fljótsdalshérað",
    "ibuafjoldi": "3,547",
    "staerdarflokkur": "2.000-4.999",
    "svaedi": "L",
    "landshluti": "SSA",
    "vefsida": "www.fell.is",
    "netfang": "fellaskoli@fell.is"
  },
  {
    "skoli": "Seyðisfjarðarskóli",
    "heimilisfang": "Suðurgötu 4",
    "pnr": "710",
    "stadur": "SEYÐISFIRÐI",
    "svnr": "7000",
    "sveitarfelag": "Seyðisfjarðarkaupstaður",
    "ibuafjoldi": "676",
    "staerdarflokkur": "500-999",
    "svaedi": "L",
    "landshluti": "SSA",
    "vefsida": "https://seydisfjardarskoli.sfk.is/",
    "netfang": "seydisfjardarskoli@skolar.sfk.is"
  },
  {
    "skoli": "Grunnskóli Borgarfjarðar eystri",
    "pnr": "720",
    "stadur": "BORGARFIRÐI",
    "svnr": "7509",
    "sveitarfelag": "Borgarfjarðarhreppur",
    "ibuafjoldi": "108",
    "staerdarflokkur": "undir 500",
    "svaedi": "L",
    "landshluti": "SSA",
    "vefsida": "https://www.borgarfjordureystri.is/grunnskolinn",
    "netfang": "grunnskolibe@simnet.is"
  },
  {
    "skoli": "Grunnskóli Reyðarfjarðar",
    "heimilisfang": "Heiðarvegur 14a",
    "pnr": "730",
    "stadur": "REYÐARFIRÐI",
    "svnr": "7300",
    "sveitarfelag": "Fjarðabyggð",
    "ibuafjoldi": "4,777",
    "staerdarflokkur": "2.000-4.999",
    "svaedi": "L",
    "landshluti": "SSA",
    "vefsida": "www.grunnrey.is",
    "netfang": "rey@skolar.fjardabyggd.is"
  },
  {
    "skoli": "Grunnskóli Eskifjarðar",
    "heimilisfang": "Lambeyrarbraut 16",
    "pnr": "735",
    "stadur": "ESKIFIRÐI",
    "svnr": "7300",
    "sveitarfelag": "Fjarðabyggð",
    "ibuafjoldi": "4,777",
    "staerdarflokkur": "2.000-4.999",
    "svaedi": "L",
    "landshluti": "SSA",
    "vefsida": "www.grunnesk.is",
    "netfang": "esk@skolar.fjardabyggd.is"
  },
  {
    "skoli": "Nesskóli",
    "heimilisfang": "Skólavegi 12",
    "pnr": "740",
    "stadur": "NESKAUPSTAÐ",
    "svnr": "7300",
    "sveitarfelag": "Fjarðabyggð",
    "ibuafjoldi": "4,777",
    "staerdarflokkur": "2.000-4.999",
    "svaedi": "L",
    "landshluti": "SSA",
    "vefsida": "www.nesskoli.is",
    "netfang": "nes@skolar.fjardabyggd.is"
  },
  {
    "skoli": "Grunnskóli Fáskrúðsfjarðar",
    "heimilisfang": "Hlíðargötu 56",
    "pnr": "750",
    "stadur": "FÁSKRÚÐSFIRÐI",
    "svnr": "7300",
    "sveitarfelag": "Fjarðabyggð",
    "ibuafjoldi": "4,777",
    "staerdarflokkur": "2.000-4.999",
    "svaedi": "L",
    "landshluti": "SSA",
    "vefsida": "www.fask.is",
    "netfang": "fask@skolar.fjardabyggd.is"
  },
  {
    "skoli": "Stöðvarfjarðarskóli",
    "heimilisfang": "Skólabraut 20",
    "pnr": "755",
    "stadur": "STÖÐVARFIRÐI",
    "svnr": "7300",
    "sveitarfelag": "Fjarðabyggð",
    "ibuafjoldi": "4,777",
    "staerdarflokkur": "2.000-4.999",
    "svaedi": "L",
    "landshluti": "SSA",
    "vefsida": "www.stodvarfjordur.is",
    "netfang": "sto@skolar.fjardabyggd.is"
  },
  {
    "skoli": "Grunnskóli Breiðdalshrepps",
    "heimilisfang": "Selnesi 25",
    "pnr": "760",
    "stadur": "BREIÐDALSVÍK",
    "svnr": "7613",
    "sveitarfelag": "Breiðdalshreppur",
    "ibuafjoldi": "185",
    "staerdarflokkur": "undir 500",
    "svaedi": "L",
    "landshluti": "SSA",
    "vefsida": "http://www.breiddalur.is/thjonusta/grunnskoli",
    "netfang": "skoli@breiddalur.is"
  },
  {
    "skoli": "Djúpavogsskóli",
    "heimilisfang": "Vörðu 6",
    "pnr": "765",
    "stadur": "DJÚPAVOGI",
    "svnr": "7617",
    "sveitarfelag": "Djúpavogshreppur",
    "ibuafjoldi": "461",
    "staerdarflokkur": "undir 500",
    "svaedi": "L",
    "landshluti": "SSA",
    "vefsida": "www.djupivogur.is/grunnskoli.is",
    "netfang": "skolastjori@djupivogur.is"
  },
  {
    "skoli": "Grunnskóli Hornafjarðar",
    "heimilisfang": "Svalbarði 6 og Víkurbraut 9",
    "pnr": "780",
    "stadur": "HÖFN ",
    "svnr": "7708",
    "sveitarfelag": "Sveitarfélagið Hornafjörður",
    "ibuafjoldi": "2,306",
    "staerdarflokkur": "2.000-4.999",
    "svaedi": "L",
    "landshluti": "SASS",
    "vefsida": "http://gs.hornafjordur.is",
    "netfang": "skrifstofagrunnsk@hornafjordur.is"
  },
  {
    "skoli": "Grunnskólinn í Hofgarði",
    "heimilisfang": "Öræfum",
    "pnr": "785",
    "stadur": "ÖRÆFUM",
    "svnr": "7708",
    "sveitarfelag": "Sveitarfélagið Hornafjörður",
    "ibuafjoldi": "2,306",
    "staerdarflokkur": "2.000-4.999",
    "svaedi": "L",
    "landshluti": "SASS",
    "vefsida": "www.hofgardur.is",
    "netfang": "hofgardur@hornafjordur.is"
  },
  {
    "skoli": "Sunnulækjarskóli",
    "heimilisfang": "Norðurhólum 1",
    "pnr": "800",
    "stadur": "SELFOSSI",
    "svnr": "8200",
    "sveitarfelag": "Sveitarfélagið Árborg",
    "ibuafjoldi": "8,995",
    "staerdarflokkur": "5.000 og yfir",
    "svaedi": "L",
    "landshluti": "SASS",
    "vefsida": "www.sunnulaekjarskoli.is",
    "netfang": "sunnulaekjarskoli@sunnulaek.is"
  },
  {
    "skoli": "Vallaskóli",
    "heimilisfang": "Sólvöllum 2",
    "pnr": "800",
    "stadur": "SELFOSSI",
    "svnr": "8200",
    "sveitarfelag": "Sveitarfélagið Árborg",
    "ibuafjoldi": "8,995",
    "staerdarflokkur": "5.000 og yfir",
    "svaedi": "L",
    "landshluti": "SASS",
    "vefsida": "www.vallaskoli.is",
    "netfang": "vallaskoli@vallaskoli.is"
  },
  {
    "skoli": "Flóaskóli",
    "heimilisfang": "Villingaholti",
    "pnr": "801",
    "stadur": "SELFOSSI",
    "svnr": "8722",
    "sveitarfelag": "Flóahreppur",
    "ibuafjoldi": "644",
    "staerdarflokkur": "500-999",
    "svaedi": "L",
    "landshluti": "SASS",
    "vefsida": "www.floaskoli.is",
    "netfang": "floaskoli@floaskoli.is"
  },
  {
    "skoli": "Bláskógaskóli - Reykholti",
    "heimilisfang": "Reykholti",
    "pnr": "801",
    "stadur": "SELFOSSI",
    "svnr": "8721",
    "sveitarfelag": "Bláskógabyggð",
    "ibuafjoldi": "1,115",
    "staerdarflokkur": "1.000-1.999",
    "svaedi": "L",
    "landshluti": "SASS",
    "vefsida": "http://reykholt.blaskogaskoli.is/",
    "netfang": "reykholt@blaskogaskoli.is"
  },
  {
    "skoli": "Kerhólsskóli (Ljósaborg)",
    "heimilisfang": "Borg",
    "pnr": "801",
    "stadur": "SELFOSSI",
    "svnr": "8719",
    "sveitarfelag": "Grímsnes- og Grafningshreppur",
    "ibuafjoldi": "479",
    "staerdarflokkur": "undir 500",
    "svaedi": "L",
    "landshluti": "SASS",
    "vefsida": "http://www.kerholsskoli.is/",
    "netfang": "kerholsskoli@kerholsskoli.is"
  },
  {
    "skoli": "Þjórsárskóli",
    "heimilisfang": "Árnes",
    "pnr": "801",
    "stadur": "SELFOSSI",
    "svnr": "8720",
    "sveitarfelag": "Skeiða- og Gnúpverjahreppur",
    "ibuafjoldi": "690",
    "staerdarflokkur": "500-999",
    "svaedi": "L",
    "landshluti": "SASS",
    "vefsida": "www.thjorsarskoli.is",
    "netfang": "skolastjori@thjorsarskoli.is"
  },
  {
    "skoli": "Grunnskólinn í Hveragerði",
    "heimilisfang": "Skólamörk 6",
    "pnr": "810",
    "stadur": "HVERAGERÐI",
    "svnr": "8716",
    "sveitarfelag": "Hveragerðisbær",
    "ibuafjoldi": "2,566",
    "staerdarflokkur": "2.000-4.999",
    "svaedi": "L",
    "landshluti": "SASS",
    "vefsida": "http://grunnskoli.hveragerdi.is/",
    "netfang": "grunnskoli@hveragerdi.is"
  },
  {
    "skoli": "Grunnskólinn í Þorlákshöfn",
    "heimilisfang": "Egilsbraut 35",
    "pnr": "815",
    "stadur": "ÞORLÁKSHÖFN",
    "svnr": "8717",
    "sveitarfelag": "Sveitarfélagið Ölfus",
    "ibuafjoldi": "2,111",
    "staerdarflokkur": "2.000-4.999",
    "svaedi": "L",
    "landshluti": "SASS",
    "vefsida": "https://www.olfus.is/grunnskolinn",
    "netfang": "skolinn@olfus.is"
  },
  {
    "skoli": "Barnaskólinn á Eyrarbakka og Stokkseyri",
    "heimilisfang": "Háeyrarvöllum 56",
    "pnr": "820",
    "stadur": "EYRARBAKKA",
    "svnr": "8200",
    "sveitarfelag": "Sveitarfélagið Árborg",
    "ibuafjoldi": "8,995",
    "staerdarflokkur": "5.000 og yfir",
    "svaedi": "L",
    "landshluti": "SASS",
    "vefsida": "www.barnaskolinn.is",
    "netfang": "magnus@barnaskolinn.is"
  },
  {
    "skoli": "Bláskógaskóli - Laugarvatni",
    "heimilisfang": "Laugarvatni",
    "pnr": "840",
    "stadur": "LAUGARVATNI",
    "svnr": "8721",
    "sveitarfelag": "Bláskógabyggð",
    "ibuafjoldi": "1,115",
    "staerdarflokkur": "1.000-1.999",
    "svaedi": "L",
    "landshluti": "SASS",
    "vefsida": "http://laugarvatn.blaskogaskoli.is/",
    "netfang": "laugarvatn@blaskogaskoli.is"
  },
  {
    "skoli": "Flúðaskóli",
    "heimilisfang": "Flúðum",
    "pnr": "845",
    "stadur": "FLÚÐUM",
    "svnr": "8710",
    "sveitarfelag": "Hrunamannahreppur",
    "ibuafjoldi": "774",
    "staerdarflokkur": "500-999",
    "svaedi": "L",
    "landshluti": "SASS",
    "vefsida": "www.fludaskoli.is",
    "netfang": "fludaskoli@fludaskoli.is"
  },
  {
    "skoli": "Grunnskólinn á Hellu",
    "heimilisfang": "Útskálum 6",
    "pnr": "850",
    "stadur": "HELLU",
    "svnr": "8614",
    "sveitarfelag": "Rangárþing ytra",
    "ibuafjoldi": "1,610",
    "staerdarflokkur": "1.000-1.999",
    "svaedi": "L",
    "landshluti": "SASS",
    "vefsida": "http://grhella.is",
    "netfang": "grhella@grhella.is"
  },
  {
    "skoli": "Grunnskólinn Laugalandi",
    "heimilisfang": "Holtum",
    "pnr": "851",
    "stadur": "HELLU",
    "svnr": "8614",
    "sveitarfelag": "Rangárþing ytra",
    "ibuafjoldi": "1,610",
    "staerdarflokkur": "1.000-1.999",
    "svaedi": "L",
    "landshluti": "SASS",
    "vefsida": "www.laugalandsskoli.is",
    "netfang": "laugholt@laugaland.is"
  },
  {
    "skoli": "Hvolsskóli",
    "heimilisfang": "Vallarbraut 16",
    "pnr": "860",
    "stadur": "HVOLSVELLI",
    "svnr": "8613",
    "sveitarfelag": "Rangárþing eystra",
    "ibuafjoldi": "1,798",
    "staerdarflokkur": "1.000-1.999",
    "svaedi": "L",
    "landshluti": "SASS",
    "vefsida": "www.hvolsskoli.is",
    "netfang": "skolastjori@hvolsskoli.is"
  },
  {
    "skoli": "Víkurskóli",
    "heimilisfang": "Mánabraut 5-7",
    "pnr": "870",
    "stadur": "VÍK",
    "svnr": "8508",
    "sveitarfelag": "Mýrdalshreppur",
    "ibuafjoldi": "633",
    "staerdarflokkur": "500-999",
    "svaedi": "L",
    "landshluti": "SASS",
    "vefsida": "http://vikurskoli.vik.is",
    "netfang": "elin@vik.is"
  },
  {
    "skoli": "Kirkjubæjarskóli",
    "heimilisfang": "Klausturvegi 4",
    "pnr": "880",
    "stadur": "KIRKJUBÆJARKLAUSTRI",
    "svnr": "8509",
    "sveitarfelag": "Skaftárhreppur",
    "ibuafjoldi": "560",
    "staerdarflokkur": "500-999",
    "svaedi": "L",
    "landshluti": "SASS",
    "vefsida": "www.kbs.is",
    "netfang": "skoli@klaustur.is"
  },
  {
    "skoli": "Grunnskóli Vestmannaeyja/Barnaskólinn",
    "heimilisfang": "Skólavegi",
    "pnr": "900",
    "stadur": "VESTMANNAEYJUM",
    "svnr": "8000",
    "sveitarfelag": "Vestmannaeyjabær",
    "ibuafjoldi": "4,284",
    "staerdarflokkur": "2.000-4.999",
    "svaedi": "L",
    "landshluti": "SASS",
    "vefsida": "www.grv.is",
    "netfang": "annaros@grv.is"
  }
]
